"","start_date","count"
"1","2011-01-01 00:00:00",8
"2","2011-01-02 00:00:00",8
"3","2011-01-03 00:00:00",5
"4","2011-01-04 00:00:00",7
"5","2011-01-05 00:00:00",6
"6","2011-01-06 00:00:00",4
"7","2011-01-07 00:00:00",5
"8","2011-01-08 00:00:00",2
"9","2011-01-09 00:00:00",2
"10","2011-01-10 00:00:00",9
"11","2011-01-11 00:00:00",3
"12","2011-01-12 00:00:00",2
"13","2011-01-13 00:00:00",6
"14","2011-01-15 00:00:00",2
"15","2011-01-16 00:00:00",1
"16","2011-01-17 00:00:00",3
"17","2011-01-18 00:00:00",8
"18","2011-01-19 00:00:00",3
"19","2011-01-20 00:00:00",7
"20","2011-01-21 00:00:00",4
"21","2011-01-22 00:00:00",4
"22","2011-01-23 00:00:00",1
"23","2011-01-24 00:00:00",2
"24","2011-01-25 00:00:00",1
"25","2011-01-26 00:00:00",2
"26","2011-01-27 00:00:00",2
"27","2011-01-28 00:00:00",5
"28","2011-01-29 00:00:00",2
"29","2011-01-30 00:00:00",1
"30","2011-02-01 00:00:00",9
"31","2011-02-02 00:00:00",1
"32","2011-02-03 00:00:00",5
"33","2011-02-04 00:00:00",2
"34","2011-02-05 00:00:00",2
"35","2011-02-06 00:00:00",5
"36","2011-02-07 00:00:00",2
"37","2011-02-08 00:00:00",4
"38","2011-02-09 00:00:00",2
"39","2011-02-10 00:00:00",4
"40","2011-02-11 00:00:00",6
"41","2011-02-12 00:00:00",2
"42","2011-02-13 00:00:00",2
"43","2011-02-14 00:00:00",2
"44","2011-02-15 00:00:00",6
"45","2011-02-16 00:00:00",2
"46","2011-02-17 00:00:00",4
"47","2011-02-18 00:00:00",4
"48","2011-02-19 00:00:00",4
"49","2011-02-20 00:00:00",2
"50","2011-02-21 00:00:00",5
"51","2011-02-22 00:00:00",3
"52","2011-02-23 00:00:00",6
"53","2011-02-24 00:00:00",3
"54","2011-02-25 00:00:00",4
"55","2011-02-26 00:00:00",3
"56","2011-02-27 00:00:00",3
"57","2011-02-28 00:00:00",6
"58","2011-03-01 00:00:00",10
"59","2011-03-02 00:00:00",7
"60","2011-03-03 00:00:00",10
"61","2011-03-04 00:00:00",4
"62","2011-03-05 00:00:00",4
"63","2011-03-06 00:00:00",1
"64","2011-03-07 00:00:00",6
"65","2011-03-08 00:00:00",8
"66","2011-03-09 00:00:00",4
"67","2011-03-10 00:00:00",1
"68","2011-03-11 00:00:00",4
"69","2011-03-12 00:00:00",3
"70","2011-03-13 00:00:00",2
"71","2011-03-14 00:00:00",5
"72","2011-03-15 00:00:00",4
"73","2011-03-16 00:00:00",3
"74","2011-03-17 00:00:00",1
"75","2011-03-18 00:00:00",4
"76","2011-03-19 00:00:00",4
"77","2011-03-20 00:00:00",5
"78","2011-03-21 00:00:00",2
"79","2011-03-23 00:00:00",3
"80","2011-03-24 00:00:00",4
"81","2011-03-25 00:00:00",2
"82","2011-03-26 00:00:00",1
"83","2011-03-27 00:00:00",3
"84","2011-03-28 00:00:00",7
"85","2011-03-29 00:00:00",6
"86","2011-03-30 00:00:00",6
"87","2011-03-31 00:00:00",3
"88","2011-04-01 00:00:00",10
"89","2011-04-02 00:00:00",9
"90","2011-04-03 00:00:00",5
"91","2011-04-04 00:00:00",5
"92","2011-04-05 00:00:00",4
"93","2011-04-06 00:00:00",6
"94","2011-04-07 00:00:00",8
"95","2011-04-08 00:00:00",6
"96","2011-04-09 00:00:00",6
"97","2011-04-10 00:00:00",8
"98","2011-04-11 00:00:00",5
"99","2011-04-12 00:00:00",10
"100","2011-04-13 00:00:00",3
"101","2011-04-14 00:00:00",1
"102","2011-04-15 00:00:00",5
"103","2011-04-16 00:00:00",4
"104","2011-04-17 00:00:00",3
"105","2011-04-18 00:00:00",5
"106","2011-04-19 00:00:00",6
"107","2011-04-20 00:00:00",6
"108","2011-04-21 00:00:00",3
"109","2011-04-22 00:00:00",4
"110","2011-04-24 00:00:00",9
"111","2011-04-25 00:00:00",5
"112","2011-04-26 00:00:00",6
"113","2011-04-27 00:00:00",5
"114","2011-04-28 00:00:00",8
"115","2011-04-29 00:00:00",6
"116","2011-04-30 00:00:00",4
"117","2011-05-01 00:00:00",18
"118","2011-05-02 00:00:00",9
"119","2011-05-03 00:00:00",3
"120","2011-05-04 00:00:00",7
"121","2011-05-05 00:00:00",3
"122","2011-05-06 00:00:00",7
"123","2011-05-07 00:00:00",3
"124","2011-05-08 00:00:00",3
"125","2011-05-09 00:00:00",7
"126","2011-05-10 00:00:00",9
"127","2011-05-11 00:00:00",6
"128","2011-05-12 00:00:00",6
"129","2011-05-13 00:00:00",6
"130","2011-05-14 00:00:00",6
"131","2011-05-15 00:00:00",5
"132","2011-05-16 00:00:00",6
"133","2011-05-17 00:00:00",7
"134","2011-05-18 00:00:00",4
"135","2011-05-20 00:00:00",12
"136","2011-05-21 00:00:00",2
"137","2011-05-22 00:00:00",5
"138","2011-05-23 00:00:00",6
"139","2011-05-24 00:00:00",8
"140","2011-05-25 00:00:00",6
"141","2011-05-26 00:00:00",10
"142","2011-05-27 00:00:00",5
"143","2011-05-28 00:00:00",5
"144","2011-05-29 00:00:00",5
"145","2011-05-30 00:00:00",7
"146","2011-05-31 00:00:00",7
"147","2011-06-01 00:00:00",12
"148","2011-06-02 00:00:00",8
"149","2011-06-03 00:00:00",5
"150","2011-06-04 00:00:00",6
"151","2011-06-05 00:00:00",3
"152","2011-06-06 00:00:00",6
"153","2011-06-07 00:00:00",8
"154","2011-06-08 00:00:00",9
"155","2011-06-09 00:00:00",9
"156","2011-06-10 00:00:00",6
"157","2011-06-11 00:00:00",7
"158","2011-06-12 00:00:00",6
"159","2011-06-13 00:00:00",6
"160","2011-06-14 00:00:00",7
"161","2011-06-15 00:00:00",13
"162","2011-06-16 00:00:00",6
"163","2011-06-17 00:00:00",1
"164","2011-06-18 00:00:00",7
"165","2011-06-19 00:00:00",7
"166","2011-06-20 00:00:00",10
"167","2011-06-21 00:00:00",4
"168","2011-06-22 00:00:00",4
"169","2011-06-23 00:00:00",7
"170","2011-06-24 00:00:00",5
"171","2011-06-25 00:00:00",4
"172","2011-06-26 00:00:00",9
"173","2011-06-27 00:00:00",7
"174","2011-06-28 00:00:00",9
"175","2011-06-29 00:00:00",4
"176","2011-06-30 00:00:00",4
"177","2011-07-01 00:00:00",16
"178","2011-07-02 00:00:00",6
"179","2011-07-03 00:00:00",5
"180","2011-07-04 00:00:00",3
"181","2011-07-05 00:00:00",7
"182","2011-07-06 00:00:00",7
"183","2011-07-07 00:00:00",3
"184","2011-07-08 00:00:00",7
"185","2011-07-09 00:00:00",4
"186","2011-07-10 00:00:00",15
"187","2011-07-11 00:00:00",7
"188","2011-07-12 00:00:00",3
"189","2011-07-13 00:00:00",6
"190","2011-07-14 00:00:00",7
"191","2011-07-15 00:00:00",6
"192","2011-07-16 00:00:00",7
"193","2011-07-17 00:00:00",3
"194","2011-07-18 00:00:00",9
"195","2011-07-19 00:00:00",3
"196","2011-07-20 00:00:00",4
"197","2011-07-21 00:00:00",3
"198","2011-07-22 00:00:00",9
"199","2011-07-23 00:00:00",5
"200","2011-07-24 00:00:00",6
"201","2011-07-25 00:00:00",4
"202","2011-07-26 00:00:00",8
"203","2011-07-27 00:00:00",3
"204","2011-07-28 00:00:00",6
"205","2011-07-29 00:00:00",6
"206","2011-07-30 00:00:00",6
"207","2011-07-31 00:00:00",2
"208","2011-08-01 00:00:00",21
"209","2011-08-02 00:00:00",4
"210","2011-08-03 00:00:00",4
"211","2011-08-04 00:00:00",5
"212","2011-08-05 00:00:00",5
"213","2011-08-06 00:00:00",3
"214","2011-08-07 00:00:00",2
"215","2011-08-08 00:00:00",10
"216","2011-08-09 00:00:00",6
"217","2011-08-10 00:00:00",7
"218","2011-08-11 00:00:00",6
"219","2011-08-12 00:00:00",7
"220","2011-08-13 00:00:00",2
"221","2011-08-14 00:00:00",5
"222","2011-08-15 00:00:00",5
"223","2011-08-16 00:00:00",3
"224","2011-08-17 00:00:00",10
"225","2011-08-18 00:00:00",4
"226","2011-08-19 00:00:00",5
"227","2011-08-20 00:00:00",3
"228","2011-08-21 00:00:00",6
"229","2011-08-22 00:00:00",7
"230","2011-08-23 00:00:00",8
"231","2011-08-24 00:00:00",3
"232","2011-08-25 00:00:00",7
"233","2011-08-26 00:00:00",3
"234","2011-08-27 00:00:00",3
"235","2011-08-28 00:00:00",2
"236","2011-08-29 00:00:00",4
"237","2011-08-30 00:00:00",2
"238","2011-08-31 00:00:00",5
"239","2011-09-01 00:00:00",14
"240","2011-09-02 00:00:00",8
"241","2011-09-03 00:00:00",3
"242","2011-09-04 00:00:00",4
"243","2011-09-05 00:00:00",4
"244","2011-09-06 00:00:00",5
"245","2011-09-07 00:00:00",4
"246","2011-09-08 00:00:00",8
"247","2011-09-09 00:00:00",4
"248","2011-09-10 00:00:00",8
"249","2011-09-11 00:00:00",3
"250","2011-09-12 00:00:00",8
"251","2011-09-13 00:00:00",6
"252","2011-09-14 00:00:00",4
"253","2011-09-15 00:00:00",11
"254","2011-09-16 00:00:00",9
"255","2011-09-17 00:00:00",2
"256","2011-09-18 00:00:00",7
"257","2011-09-19 00:00:00",4
"258","2011-09-20 00:00:00",7
"259","2011-09-21 00:00:00",6
"260","2011-09-22 00:00:00",6
"261","2011-09-23 00:00:00",3
"262","2011-09-24 00:00:00",6
"263","2011-09-25 00:00:00",8
"264","2011-09-26 00:00:00",6
"265","2011-09-27 00:00:00",2
"266","2011-09-28 00:00:00",5
"267","2011-09-29 00:00:00",3
"268","2011-09-30 00:00:00",2
"269","2011-10-01 00:00:00",14
"270","2011-10-02 00:00:00",8
"271","2011-10-03 00:00:00",6
"272","2011-10-04 00:00:00",6
"273","2011-10-05 00:00:00",7
"274","2011-10-06 00:00:00",2
"275","2011-10-07 00:00:00",7
"276","2011-10-08 00:00:00",7
"277","2011-10-09 00:00:00",5
"278","2011-10-10 00:00:00",3
"279","2011-10-11 00:00:00",5
"280","2011-10-12 00:00:00",4
"281","2011-10-13 00:00:00",3
"282","2011-10-14 00:00:00",2
"283","2011-10-15 00:00:00",3
"284","2011-10-16 00:00:00",5
"285","2011-10-17 00:00:00",6
"286","2011-10-18 00:00:00",11
"287","2011-10-19 00:00:00",7
"288","2011-10-20 00:00:00",15
"289","2011-10-21 00:00:00",7
"290","2011-10-22 00:00:00",3
"291","2011-10-23 00:00:00",9
"292","2011-10-24 00:00:00",4
"293","2011-10-25 00:00:00",12
"294","2011-10-26 00:00:00",6
"295","2011-10-27 00:00:00",5
"296","2011-10-28 00:00:00",5
"297","2011-10-29 00:00:00",7
"298","2011-10-30 00:00:00",9
"299","2011-10-31 00:00:00",7
"300","2011-11-01 00:00:00",10
"301","2011-11-02 00:00:00",7
"302","2011-11-03 00:00:00",4
"303","2011-11-04 00:00:00",6
"304","2011-11-05 00:00:00",2
"305","2011-11-06 00:00:00",6
"306","2011-11-07 00:00:00",6
"307","2011-11-08 00:00:00",5
"308","2011-11-09 00:00:00",3
"309","2011-11-10 00:00:00",9
"310","2011-11-11 00:00:00",11
"311","2011-11-12 00:00:00",5
"312","2011-11-13 00:00:00",12
"313","2011-11-14 00:00:00",11
"314","2011-11-15 00:00:00",9
"315","2011-11-16 00:00:00",10
"316","2011-11-17 00:00:00",8
"317","2011-11-18 00:00:00",7
"318","2011-11-19 00:00:00",7
"319","2011-11-20 00:00:00",2
"320","2011-11-21 00:00:00",9
"321","2011-11-22 00:00:00",6
"322","2011-11-23 00:00:00",4
"323","2011-11-24 00:00:00",5
"324","2011-11-25 00:00:00",8
"325","2011-11-26 00:00:00",15
"326","2011-11-27 00:00:00",13
"327","2011-11-28 00:00:00",10
"328","2011-11-29 00:00:00",5
"329","2011-11-30 00:00:00",8
"330","2011-12-01 00:00:00",11
"331","2011-12-02 00:00:00",8
"332","2011-12-04 00:00:00",6
"333","2011-12-05 00:00:00",12
"334","2011-12-06 00:00:00",11
"335","2011-12-07 00:00:00",4
"336","2011-12-08 00:00:00",5
"337","2011-12-09 00:00:00",3
"338","2011-12-10 00:00:00",10
"339","2011-12-11 00:00:00",9
"340","2011-12-12 00:00:00",4
"341","2011-12-13 00:00:00",3
"342","2011-12-14 00:00:00",8
"343","2011-12-15 00:00:00",7
"344","2011-12-16 00:00:00",4
"345","2011-12-17 00:00:00",3
"346","2011-12-18 00:00:00",7
"347","2011-12-19 00:00:00",6
"348","2011-12-20 00:00:00",5
"349","2011-12-21 00:00:00",7
"350","2011-12-22 00:00:00",5
"351","2011-12-23 00:00:00",6
"352","2011-12-24 00:00:00",3
"353","2011-12-25 00:00:00",5
"354","2011-12-26 00:00:00",8
"355","2011-12-27 00:00:00",5
"356","2011-12-28 00:00:00",3
"357","2011-12-29 00:00:00",7
"358","2011-12-30 00:00:00",7
"359","2011-12-31 00:00:00",6
"360","2012-01-01 00:00:00",12
"361","2012-01-02 00:00:00",7
"362","2012-01-03 00:00:00",7
"363","2012-01-04 00:00:00",4
"364","2012-01-05 00:00:00",4
"365","2012-01-06 00:00:00",12
"366","2012-01-07 00:00:00",4
"367","2012-01-08 00:00:00",5
"368","2012-01-09 00:00:00",3
"369","2012-01-10 00:00:00",4
"370","2012-01-11 00:00:00",4
"371","2012-01-12 00:00:00",6
"372","2012-01-13 00:00:00",3
"373","2012-01-14 00:00:00",1
"374","2012-01-15 00:00:00",2
"375","2012-01-16 00:00:00",2
"376","2012-01-17 00:00:00",7
"377","2012-01-19 00:00:00",1
"378","2012-01-20 00:00:00",8
"379","2012-01-22 00:00:00",1
"380","2012-01-24 00:00:00",2
"381","2012-01-25 00:00:00",4
"382","2012-01-26 00:00:00",1
"383","2012-01-27 00:00:00",3
"384","2012-01-28 00:00:00",4
"385","2012-01-29 00:00:00",7
"386","2012-01-30 00:00:00",6
"387","2012-01-31 00:00:00",2
"388","2012-02-01 00:00:00",6
"389","2012-02-02 00:00:00",2
"390","2012-02-03 00:00:00",6
"391","2012-02-04 00:00:00",5
"392","2012-02-05 00:00:00",1
"393","2012-02-07 00:00:00",5
"394","2012-02-08 00:00:00",1
"395","2012-02-09 00:00:00",3
"396","2012-02-10 00:00:00",4
"397","2012-02-11 00:00:00",3
"398","2012-02-12 00:00:00",5
"399","2012-02-13 00:00:00",5
"400","2012-02-14 00:00:00",1
"401","2012-02-15 00:00:00",6
"402","2012-02-17 00:00:00",8
"403","2012-02-18 00:00:00",5
"404","2012-02-20 00:00:00",6
"405","2012-02-21 00:00:00",5
"406","2012-02-22 00:00:00",6
"407","2012-02-23 00:00:00",2
"408","2012-02-24 00:00:00",5
"409","2012-02-25 00:00:00",2
"410","2012-02-26 00:00:00",5
"411","2012-02-27 00:00:00",6
"412","2012-02-28 00:00:00",9
"413","2012-02-29 00:00:00",6
"414","2012-03-01 00:00:00",20
"415","2012-03-02 00:00:00",7
"416","2012-03-03 00:00:00",5
"417","2012-03-04 00:00:00",4
"418","2012-03-05 00:00:00",5
"419","2012-03-06 00:00:00",6
"420","2012-03-07 00:00:00",6
"421","2012-03-08 00:00:00",2
"422","2012-03-09 00:00:00",2
"423","2012-03-10 00:00:00",8
"424","2012-03-11 00:00:00",3
"425","2012-03-12 00:00:00",4
"426","2012-03-13 00:00:00",2
"427","2012-03-14 00:00:00",12
"428","2012-03-15 00:00:00",8
"429","2012-03-16 00:00:00",7
"430","2012-03-17 00:00:00",5
"431","2012-03-18 00:00:00",3
"432","2012-03-19 00:00:00",5
"433","2012-03-20 00:00:00",5
"434","2012-03-21 00:00:00",9
"435","2012-03-22 00:00:00",7
"436","2012-03-23 00:00:00",5
"437","2012-03-24 00:00:00",8
"438","2012-03-25 00:00:00",6
"439","2012-03-26 00:00:00",6
"440","2012-03-27 00:00:00",9
"441","2012-03-28 00:00:00",5
"442","2012-03-29 00:00:00",1
"443","2012-03-30 00:00:00",4
"444","2012-03-31 00:00:00",4
"445","2012-04-01 00:00:00",8
"446","2012-04-02 00:00:00",7
"447","2012-04-03 00:00:00",7
"448","2012-04-04 00:00:00",6
"449","2012-04-05 00:00:00",9
"450","2012-04-06 00:00:00",9
"451","2012-04-07 00:00:00",7
"452","2012-04-08 00:00:00",5
"453","2012-04-09 00:00:00",9
"454","2012-04-10 00:00:00",8
"455","2012-04-11 00:00:00",1
"456","2012-04-12 00:00:00",10
"457","2012-04-13 00:00:00",6
"458","2012-04-14 00:00:00",2
"459","2012-04-15 00:00:00",8
"460","2012-04-16 00:00:00",7
"461","2012-04-17 00:00:00",7
"462","2012-04-18 00:00:00",10
"463","2012-04-19 00:00:00",6
"464","2012-04-20 00:00:00",7
"465","2012-04-21 00:00:00",10
"466","2012-04-22 00:00:00",6
"467","2012-04-23 00:00:00",6
"468","2012-04-24 00:00:00",5
"469","2012-04-25 00:00:00",18
"470","2012-04-26 00:00:00",11
"471","2012-04-27 00:00:00",7
"472","2012-04-28 00:00:00",6
"473","2012-04-29 00:00:00",4
"474","2012-04-30 00:00:00",5
"475","2012-05-01 00:00:00",10
"476","2012-05-02 00:00:00",14
"477","2012-05-03 00:00:00",10
"478","2012-05-04 00:00:00",11
"479","2012-05-05 00:00:00",13
"480","2012-05-06 00:00:00",8
"481","2012-05-07 00:00:00",10
"482","2012-05-08 00:00:00",8
"483","2012-05-09 00:00:00",7
"484","2012-05-10 00:00:00",9
"485","2012-05-11 00:00:00",6
"486","2012-05-12 00:00:00",10
"487","2012-05-13 00:00:00",6
"488","2012-05-14 00:00:00",10
"489","2012-05-15 00:00:00",14
"490","2012-05-16 00:00:00",14
"491","2012-05-17 00:00:00",10
"492","2012-05-18 00:00:00",14
"493","2012-05-19 00:00:00",3
"494","2012-05-20 00:00:00",13
"495","2012-05-21 00:00:00",12
"496","2012-05-22 00:00:00",16
"497","2012-05-23 00:00:00",16
"498","2012-05-24 00:00:00",13
"499","2012-05-25 00:00:00",20
"500","2012-05-26 00:00:00",16
"501","2012-05-27 00:00:00",11
"502","2012-05-28 00:00:00",14
"503","2012-05-29 00:00:00",9
"504","2012-05-30 00:00:00",7
"505","2012-05-31 00:00:00",12
"506","2012-06-01 00:00:00",30
"507","2012-06-02 00:00:00",10
"508","2012-06-03 00:00:00",12
"509","2012-06-04 00:00:00",14
"510","2012-06-05 00:00:00",16
"511","2012-06-06 00:00:00",12
"512","2012-06-07 00:00:00",9
"513","2012-06-08 00:00:00",7
"514","2012-06-09 00:00:00",12
"515","2012-06-10 00:00:00",13
"516","2012-06-11 00:00:00",8
"517","2012-06-12 00:00:00",14
"518","2012-06-13 00:00:00",7
"519","2012-06-14 00:00:00",10
"520","2012-06-15 00:00:00",9
"521","2012-06-16 00:00:00",16
"522","2012-06-17 00:00:00",12
"523","2012-06-18 00:00:00",15
"524","2012-06-19 00:00:00",7
"525","2012-06-20 00:00:00",14
"526","2012-06-21 00:00:00",8
"527","2012-06-22 00:00:00",6
"528","2012-06-23 00:00:00",8
"529","2012-06-24 00:00:00",9
"530","2012-06-25 00:00:00",12
"531","2012-06-26 00:00:00",9
"532","2012-06-27 00:00:00",11
"533","2012-06-28 00:00:00",10
"534","2012-06-29 00:00:00",5
"535","2012-06-30 00:00:00",17
"536","2012-07-01 00:00:00",22
"537","2012-07-02 00:00:00",7
"538","2012-07-03 00:00:00",3
"539","2012-07-04 00:00:00",11
"540","2012-07-05 00:00:00",17
"541","2012-07-06 00:00:00",2
"542","2012-07-07 00:00:00",9
"543","2012-07-08 00:00:00",6
"544","2012-07-09 00:00:00",3
"545","2012-07-10 00:00:00",6
"546","2012-07-11 00:00:00",7
"547","2012-07-12 00:00:00",10
"548","2012-07-13 00:00:00",9
"549","2012-07-14 00:00:00",7
"550","2012-07-15 00:00:00",6
"551","2012-07-16 00:00:00",6
"552","2012-07-17 00:00:00",4
"553","2012-07-18 00:00:00",11
"554","2012-07-19 00:00:00",2
"555","2012-07-20 00:00:00",3
"556","2012-07-21 00:00:00",6
"557","2012-07-22 00:00:00",5
"558","2012-07-23 00:00:00",6
"559","2012-07-24 00:00:00",4
"560","2012-07-25 00:00:00",1
"561","2012-07-26 00:00:00",7
"562","2012-07-27 00:00:00",8
"563","2012-07-28 00:00:00",3
"564","2012-07-29 00:00:00",4
"565","2012-07-30 00:00:00",3
"566","2012-07-31 00:00:00",1
"567","2012-08-01 00:00:00",13
"568","2012-08-02 00:00:00",7
"569","2012-08-03 00:00:00",11
"570","2012-08-04 00:00:00",4
"571","2012-08-05 00:00:00",5
"572","2012-08-06 00:00:00",5
"573","2012-08-07 00:00:00",7
"574","2012-08-08 00:00:00",4
"575","2012-08-09 00:00:00",5
"576","2012-08-10 00:00:00",7
"577","2012-08-11 00:00:00",6
"578","2012-08-12 00:00:00",4
"579","2012-08-13 00:00:00",7
"580","2012-08-14 00:00:00",7
"581","2012-08-15 00:00:00",8
"582","2012-08-16 00:00:00",7
"583","2012-08-17 00:00:00",1
"584","2012-08-18 00:00:00",3
"585","2012-08-19 00:00:00",3
"586","2012-08-20 00:00:00",6
"587","2012-08-21 00:00:00",6
"588","2012-08-22 00:00:00",10
"589","2012-08-23 00:00:00",8
"590","2012-08-24 00:00:00",4
"591","2012-08-25 00:00:00",4
"592","2012-08-26 00:00:00",3
"593","2012-08-27 00:00:00",12
"594","2012-08-28 00:00:00",5
"595","2012-08-29 00:00:00",4
"596","2012-08-30 00:00:00",3
"597","2012-08-31 00:00:00",4
"598","2012-09-01 00:00:00",12
"599","2012-09-02 00:00:00",5
"600","2012-09-03 00:00:00",10
"601","2012-09-04 00:00:00",11
"602","2012-09-05 00:00:00",11
"603","2012-09-06 00:00:00",12
"604","2012-09-07 00:00:00",4
"605","2012-09-08 00:00:00",6
"606","2012-09-09 00:00:00",6
"607","2012-09-10 00:00:00",5
"608","2012-09-11 00:00:00",7
"609","2012-09-12 00:00:00",8
"610","2012-09-13 00:00:00",2
"611","2012-09-14 00:00:00",4
"612","2012-09-15 00:00:00",6
"613","2012-09-16 00:00:00",4
"614","2012-09-17 00:00:00",6
"615","2012-09-18 00:00:00",4
"616","2012-09-19 00:00:00",3
"617","2012-09-20 00:00:00",7
"618","2012-09-21 00:00:00",4
"619","2012-09-22 00:00:00",3
"620","2012-09-23 00:00:00",3
"621","2012-09-24 00:00:00",5
"622","2012-09-25 00:00:00",8
"623","2012-09-26 00:00:00",7
"624","2012-09-27 00:00:00",3
"625","2012-09-28 00:00:00",7
"626","2012-09-29 00:00:00",2
"627","2012-09-30 00:00:00",7
"628","2012-10-01 00:00:00",17
"629","2012-10-02 00:00:00",15
"630","2012-10-03 00:00:00",5
"631","2012-10-04 00:00:00",6
"632","2012-10-05 00:00:00",4
"633","2012-10-06 00:00:00",6
"634","2012-10-07 00:00:00",6
"635","2012-10-08 00:00:00",9
"636","2012-10-09 00:00:00",7
"637","2012-10-10 00:00:00",7
"638","2012-10-11 00:00:00",5
"639","2012-10-12 00:00:00",11
"640","2012-10-13 00:00:00",3
"641","2012-10-14 00:00:00",7
"642","2012-10-15 00:00:00",6
"643","2012-10-16 00:00:00",10
"644","2012-10-17 00:00:00",12
"645","2012-10-18 00:00:00",8
"646","2012-10-19 00:00:00",6
"647","2012-10-20 00:00:00",10
"648","2012-10-21 00:00:00",7
"649","2012-10-22 00:00:00",11
"650","2012-10-23 00:00:00",10
"651","2012-10-24 00:00:00",8
"652","2012-10-25 00:00:00",8
"653","2012-10-26 00:00:00",3
"654","2012-10-27 00:00:00",10
"655","2012-10-28 00:00:00",8
"656","2012-10-29 00:00:00",8
"657","2012-10-30 00:00:00",15
"658","2012-10-31 00:00:00",10
"659","2012-11-01 00:00:00",16
"660","2012-11-02 00:00:00",6
"661","2012-11-03 00:00:00",7
"662","2012-11-04 00:00:00",8
"663","2012-11-05 00:00:00",7
"664","2012-11-06 00:00:00",8
"665","2012-11-07 00:00:00",7
"666","2012-11-08 00:00:00",17
"667","2012-11-09 00:00:00",13
"668","2012-11-10 00:00:00",8
"669","2012-11-11 00:00:00",10
"670","2012-11-12 00:00:00",5
"671","2012-11-13 00:00:00",5
"672","2012-11-14 00:00:00",11
"673","2012-11-15 00:00:00",13
"674","2012-11-16 00:00:00",9
"675","2012-11-17 00:00:00",9
"676","2012-11-18 00:00:00",13
"677","2012-11-19 00:00:00",9
"678","2012-11-20 00:00:00",9
"679","2012-11-21 00:00:00",4
"680","2012-11-22 00:00:00",12
"681","2012-11-23 00:00:00",6
"682","2012-11-24 00:00:00",4
"683","2012-11-25 00:00:00",5
"684","2012-11-26 00:00:00",14
"685","2012-11-27 00:00:00",8
"686","2012-11-28 00:00:00",11
"687","2012-11-29 00:00:00",5
"688","2012-11-30 00:00:00",4
"689","2012-12-01 00:00:00",16
"690","2012-12-02 00:00:00",7
"691","2012-12-03 00:00:00",6
"692","2012-12-04 00:00:00",9
"693","2012-12-05 00:00:00",11
"694","2012-12-06 00:00:00",9
"695","2012-12-07 00:00:00",6
"696","2012-12-08 00:00:00",5
"697","2012-12-09 00:00:00",8
"698","2012-12-10 00:00:00",9
"699","2012-12-11 00:00:00",6
"700","2012-12-12 00:00:00",8
"701","2012-12-13 00:00:00",2
"702","2012-12-14 00:00:00",12
"703","2012-12-15 00:00:00",5
"704","2012-12-16 00:00:00",8
"705","2012-12-17 00:00:00",4
"706","2012-12-18 00:00:00",3
"707","2012-12-19 00:00:00",2
"708","2012-12-20 00:00:00",4
"709","2012-12-21 00:00:00",5
"710","2012-12-22 00:00:00",10
"711","2012-12-23 00:00:00",7
"712","2012-12-24 00:00:00",5
"713","2012-12-25 00:00:00",3
"714","2012-12-26 00:00:00",8
"715","2012-12-27 00:00:00",5
"716","2012-12-28 00:00:00",5
"717","2012-12-29 00:00:00",4
"718","2012-12-30 00:00:00",5
"719","2012-12-31 00:00:00",1
"720","2013-01-01 00:00:00",15
"721","2013-01-02 00:00:00",5
"722","2013-01-03 00:00:00",6
"723","2013-01-04 00:00:00",2
"724","2013-01-05 00:00:00",2
"725","2013-01-06 00:00:00",4
"726","2013-01-07 00:00:00",4
"727","2013-01-08 00:00:00",1
"728","2013-01-09 00:00:00",4
"729","2013-01-10 00:00:00",7
"730","2013-01-11 00:00:00",2
"731","2013-01-12 00:00:00",5
"732","2013-01-14 00:00:00",2
"733","2013-01-15 00:00:00",9
"734","2013-01-16 00:00:00",2
"735","2013-01-17 00:00:00",3
"736","2013-01-18 00:00:00",2
"737","2013-01-19 00:00:00",2
"738","2013-01-20 00:00:00",4
"739","2013-01-21 00:00:00",6
"740","2013-01-22 00:00:00",2
"741","2013-01-23 00:00:00",2
"742","2013-01-26 00:00:00",2
"743","2013-01-27 00:00:00",2
"744","2013-01-28 00:00:00",2
"745","2013-01-29 00:00:00",2
"746","2013-01-30 00:00:00",1
"747","2013-01-31 00:00:00",1
"748","2013-02-01 00:00:00",10
"749","2013-02-02 00:00:00",5
"750","2013-02-03 00:00:00",2
"751","2013-02-04 00:00:00",4
"752","2013-02-06 00:00:00",5
"753","2013-02-07 00:00:00",2
"754","2013-02-08 00:00:00",3
"755","2013-02-09 00:00:00",2
"756","2013-02-10 00:00:00",2
"757","2013-02-11 00:00:00",2
"758","2013-02-12 00:00:00",2
"759","2013-02-13 00:00:00",4
"760","2013-02-14 00:00:00",1
"761","2013-02-15 00:00:00",2
"762","2013-02-16 00:00:00",2
"763","2013-02-17 00:00:00",6
"764","2013-02-18 00:00:00",5
"765","2013-02-19 00:00:00",2
"766","2013-02-20 00:00:00",7
"767","2013-02-21 00:00:00",3
"768","2013-02-23 00:00:00",1
"769","2013-02-24 00:00:00",2
"770","2013-02-25 00:00:00",8
"771","2013-02-26 00:00:00",2
"772","2013-02-27 00:00:00",7
"773","2013-03-01 00:00:00",14
"774","2013-03-02 00:00:00",4
"775","2013-03-03 00:00:00",2
"776","2013-03-04 00:00:00",14
"777","2013-03-05 00:00:00",6
"778","2013-03-06 00:00:00",5
"779","2013-03-07 00:00:00",3
"780","2013-03-08 00:00:00",4
"781","2013-03-09 00:00:00",7
"782","2013-03-10 00:00:00",5
"783","2013-03-11 00:00:00",9
"784","2013-03-12 00:00:00",2
"785","2013-03-13 00:00:00",14
"786","2013-03-14 00:00:00",3
"787","2013-03-15 00:00:00",6
"788","2013-03-16 00:00:00",3
"789","2013-03-17 00:00:00",7
"790","2013-03-18 00:00:00",10
"791","2013-03-19 00:00:00",4
"792","2013-03-20 00:00:00",10
"793","2013-03-21 00:00:00",1
"794","2013-03-22 00:00:00",7
"795","2013-03-23 00:00:00",5
"796","2013-03-24 00:00:00",4
"797","2013-03-25 00:00:00",3
"798","2013-03-26 00:00:00",8
"799","2013-03-27 00:00:00",4
"800","2013-03-28 00:00:00",10
"801","2013-03-29 00:00:00",7
"802","2013-03-30 00:00:00",9
"803","2013-03-31 00:00:00",5
"804","2013-04-01 00:00:00",22
"805","2013-04-02 00:00:00",7
"806","2013-04-03 00:00:00",8
"807","2013-04-04 00:00:00",8
"808","2013-04-05 00:00:00",7
"809","2013-04-06 00:00:00",7
"810","2013-04-07 00:00:00",11
"811","2013-04-08 00:00:00",8
"812","2013-04-09 00:00:00",4
"813","2013-04-10 00:00:00",7
"814","2013-04-11 00:00:00",2
"815","2013-04-12 00:00:00",3
"816","2013-04-13 00:00:00",1
"817","2013-04-14 00:00:00",4
"818","2013-04-15 00:00:00",5
"819","2013-04-16 00:00:00",5
"820","2013-04-17 00:00:00",4
"821","2013-04-18 00:00:00",6
"822","2013-04-19 00:00:00",1
"823","2013-04-20 00:00:00",3
"824","2013-04-21 00:00:00",3
"825","2013-04-22 00:00:00",5
"826","2013-04-23 00:00:00",6
"827","2013-04-24 00:00:00",6
"828","2013-04-25 00:00:00",3
"829","2013-04-26 00:00:00",6
"830","2013-04-27 00:00:00",4
"831","2013-04-28 00:00:00",3
"832","2013-04-29 00:00:00",3
"833","2013-04-30 00:00:00",5
"834","2013-05-01 00:00:00",15
"835","2013-05-02 00:00:00",5
"836","2013-05-03 00:00:00",11
"837","2013-05-04 00:00:00",3
"838","2013-05-05 00:00:00",2
"839","2013-05-06 00:00:00",5
"840","2013-05-07 00:00:00",5
"841","2013-05-08 00:00:00",6
"842","2013-05-09 00:00:00",4
"843","2013-05-10 00:00:00",4
"844","2013-05-11 00:00:00",4
"845","2013-05-12 00:00:00",1
"846","2013-05-13 00:00:00",9
"847","2013-05-14 00:00:00",4
"848","2013-05-15 00:00:00",8
"849","2013-05-16 00:00:00",6
"850","2013-05-17 00:00:00",5
"851","2013-05-18 00:00:00",5
"852","2013-05-19 00:00:00",7
"853","2013-05-20 00:00:00",8
"854","2013-05-21 00:00:00",8
"855","2013-05-22 00:00:00",1
"856","2013-05-23 00:00:00",4
"857","2013-05-24 00:00:00",8
"858","2013-05-25 00:00:00",5
"859","2013-05-26 00:00:00",6
"860","2013-05-27 00:00:00",9
"861","2013-05-28 00:00:00",4
"862","2013-05-29 00:00:00",4
"863","2013-05-30 00:00:00",4
"864","2013-05-31 00:00:00",2
"865","2013-06-01 00:00:00",15
"866","2013-06-02 00:00:00",5
"867","2013-06-03 00:00:00",5
"868","2013-06-04 00:00:00",10
"869","2013-06-05 00:00:00",8
"870","2013-06-06 00:00:00",3
"871","2013-06-07 00:00:00",9
"872","2013-06-08 00:00:00",7
"873","2013-06-09 00:00:00",6
"874","2013-06-10 00:00:00",11
"875","2013-06-11 00:00:00",5
"876","2013-06-12 00:00:00",5
"877","2013-06-13 00:00:00",4
"878","2013-06-14 00:00:00",4
"879","2013-06-15 00:00:00",8
"880","2013-06-16 00:00:00",4
"881","2013-06-17 00:00:00",9
"882","2013-06-18 00:00:00",3
"883","2013-06-19 00:00:00",9
"884","2013-06-20 00:00:00",6
"885","2013-06-21 00:00:00",10
"886","2013-06-22 00:00:00",4
"887","2013-06-23 00:00:00",12
"888","2013-06-24 00:00:00",11
"889","2013-06-25 00:00:00",12
"890","2013-06-26 00:00:00",15
"891","2013-06-27 00:00:00",9
"892","2013-06-28 00:00:00",12
"893","2013-06-29 00:00:00",8
"894","2013-06-30 00:00:00",5
"895","2013-07-01 00:00:00",24
"896","2013-07-02 00:00:00",11
"897","2013-07-03 00:00:00",12
"898","2013-07-04 00:00:00",5
"899","2013-07-05 00:00:00",7
"900","2013-07-06 00:00:00",4
"901","2013-07-07 00:00:00",12
"902","2013-07-08 00:00:00",3
"903","2013-07-09 00:00:00",5
"904","2013-07-10 00:00:00",7
"905","2013-07-11 00:00:00",8
"906","2013-07-12 00:00:00",6
"907","2013-07-13 00:00:00",8
"908","2013-07-14 00:00:00",4
"909","2013-07-15 00:00:00",10
"910","2013-07-16 00:00:00",5
"911","2013-07-17 00:00:00",6
"912","2013-07-18 00:00:00",1
"913","2013-07-19 00:00:00",7
"914","2013-07-20 00:00:00",10
"915","2013-07-21 00:00:00",4
"916","2013-07-22 00:00:00",8
"917","2013-07-23 00:00:00",12
"918","2013-07-24 00:00:00",9
"919","2013-07-25 00:00:00",5
"920","2013-07-26 00:00:00",4
"921","2013-07-27 00:00:00",4
"922","2013-07-28 00:00:00",4
"923","2013-07-29 00:00:00",6
"924","2013-07-30 00:00:00",9
"925","2013-07-31 00:00:00",4
"926","2013-08-01 00:00:00",18
"927","2013-08-02 00:00:00",7
"928","2013-08-03 00:00:00",5
"929","2013-08-04 00:00:00",7
"930","2013-08-05 00:00:00",7
"931","2013-08-06 00:00:00",13
"932","2013-08-07 00:00:00",7
"933","2013-08-08 00:00:00",8
"934","2013-08-09 00:00:00",1
"935","2013-08-10 00:00:00",8
"936","2013-08-11 00:00:00",3
"937","2013-08-12 00:00:00",6
"938","2013-08-13 00:00:00",2
"939","2013-08-14 00:00:00",6
"940","2013-08-15 00:00:00",2
"941","2013-08-16 00:00:00",4
"942","2013-08-17 00:00:00",1
"943","2013-08-18 00:00:00",1
"944","2013-08-19 00:00:00",2
"945","2013-08-20 00:00:00",12
"946","2013-08-21 00:00:00",5
"947","2013-08-22 00:00:00",6
"948","2013-08-23 00:00:00",4
"949","2013-08-24 00:00:00",3
"950","2013-08-25 00:00:00",5
"951","2013-08-26 00:00:00",3
"952","2013-08-27 00:00:00",3
"953","2013-08-28 00:00:00",2
"954","2013-08-29 00:00:00",6
"955","2013-08-30 00:00:00",7
"956","2013-08-31 00:00:00",3
"957","2013-09-01 00:00:00",7
"958","2013-09-02 00:00:00",9
"959","2013-09-03 00:00:00",8
"960","2013-09-04 00:00:00",8
"961","2013-09-05 00:00:00",4
"962","2013-09-06 00:00:00",5
"963","2013-09-07 00:00:00",1
"964","2013-09-08 00:00:00",5
"965","2013-09-09 00:00:00",5
"966","2013-09-10 00:00:00",7
"967","2013-09-11 00:00:00",4
"968","2013-09-12 00:00:00",7
"969","2013-09-13 00:00:00",5
"970","2013-09-14 00:00:00",2
"971","2013-09-15 00:00:00",6
"972","2013-09-16 00:00:00",6
"973","2013-09-17 00:00:00",3
"974","2013-09-18 00:00:00",2
"975","2013-09-19 00:00:00",1
"976","2013-09-20 00:00:00",6
"977","2013-09-21 00:00:00",2
"978","2013-09-22 00:00:00",4
"979","2013-09-23 00:00:00",3
"980","2013-09-24 00:00:00",4
"981","2013-09-25 00:00:00",7
"982","2013-09-26 00:00:00",8
"983","2013-09-27 00:00:00",5
"984","2013-09-28 00:00:00",2
"985","2013-09-29 00:00:00",9
"986","2013-09-30 00:00:00",5
"987","2013-10-01 00:00:00",11
"988","2013-10-02 00:00:00",8
"989","2013-10-03 00:00:00",9
"990","2013-10-04 00:00:00",7
"991","2013-10-05 00:00:00",5
"992","2013-10-06 00:00:00",4
"993","2013-10-07 00:00:00",4
"994","2013-10-08 00:00:00",9
"995","2013-10-09 00:00:00",4
"996","2013-10-10 00:00:00",7
"997","2013-10-11 00:00:00",10
"998","2013-10-12 00:00:00",7
"999","2013-10-13 00:00:00",5
"1000","2013-10-14 00:00:00",6
"1001","2013-10-15 00:00:00",8
"1002","2013-10-16 00:00:00",5
"1003","2013-10-17 00:00:00",7
"1004","2013-10-18 00:00:00",9
"1005","2013-10-19 00:00:00",4
"1006","2013-10-20 00:00:00",8
"1007","2013-10-21 00:00:00",4
"1008","2013-10-22 00:00:00",7
"1009","2013-10-23 00:00:00",6
"1010","2013-10-24 00:00:00",10
"1011","2013-10-25 00:00:00",10
"1012","2013-10-26 00:00:00",3
"1013","2013-10-27 00:00:00",4
"1014","2013-10-28 00:00:00",17
"1015","2013-10-29 00:00:00",8
"1016","2013-10-30 00:00:00",13
"1017","2013-10-31 00:00:00",4
"1018","2013-11-01 00:00:00",19
"1019","2013-11-02 00:00:00",8
"1020","2013-11-03 00:00:00",8
"1021","2013-11-04 00:00:00",10
"1022","2013-11-05 00:00:00",15
"1023","2013-11-06 00:00:00",15
"1024","2013-11-07 00:00:00",8
"1025","2013-11-08 00:00:00",17
"1026","2013-11-09 00:00:00",6
"1027","2013-11-10 00:00:00",18
"1028","2013-11-11 00:00:00",16
"1029","2013-11-12 00:00:00",9
"1030","2013-11-13 00:00:00",10
"1031","2013-11-14 00:00:00",9
"1032","2013-11-15 00:00:00",8
"1033","2013-11-16 00:00:00",14
"1034","2013-11-17 00:00:00",14
"1035","2013-11-18 00:00:00",8
"1036","2013-11-19 00:00:00",9
"1037","2013-11-20 00:00:00",16
"1038","2013-11-21 00:00:00",12
"1039","2013-11-22 00:00:00",7
"1040","2013-11-23 00:00:00",7
"1041","2013-11-24 00:00:00",5
"1042","2013-11-25 00:00:00",6
"1043","2013-11-26 00:00:00",7
"1044","2013-11-27 00:00:00",6
"1045","2013-11-28 00:00:00",12
"1046","2013-11-29 00:00:00",9
"1047","2013-11-30 00:00:00",12
"1048","2013-12-01 00:00:00",13
"1049","2013-12-02 00:00:00",8
"1050","2013-12-03 00:00:00",7
"1051","2013-12-04 00:00:00",10
"1052","2013-12-05 00:00:00",7
"1053","2013-12-06 00:00:00",9
"1054","2013-12-07 00:00:00",5
"1055","2013-12-08 00:00:00",8
"1056","2013-12-09 00:00:00",5
"1057","2013-12-10 00:00:00",10
"1058","2013-12-11 00:00:00",7
"1059","2013-12-12 00:00:00",5
"1060","2013-12-13 00:00:00",7
"1061","2013-12-14 00:00:00",5
"1062","2013-12-15 00:00:00",8
"1063","2013-12-16 00:00:00",7
"1064","2013-12-17 00:00:00",12
"1065","2013-12-18 00:00:00",7
"1066","2013-12-19 00:00:00",3
"1067","2013-12-20 00:00:00",3
"1068","2013-12-21 00:00:00",7
"1069","2013-12-22 00:00:00",3
"1070","2013-12-23 00:00:00",6
"1071","2013-12-24 00:00:00",7
"1072","2013-12-25 00:00:00",3
"1073","2013-12-26 00:00:00",8
"1074","2013-12-27 00:00:00",5
"1075","2013-12-28 00:00:00",4
"1076","2013-12-29 00:00:00",5
"1077","2013-12-30 00:00:00",9
"1078","2013-12-31 00:00:00",8
"1079","2014-01-01 00:00:00",18
"1080","2014-01-02 00:00:00",8
"1081","2014-01-03 00:00:00",5
"1082","2014-01-04 00:00:00",8
"1083","2014-01-05 00:00:00",5
"1084","2014-01-06 00:00:00",8
"1085","2014-01-07 00:00:00",8
"1086","2014-01-08 00:00:00",3
"1087","2014-01-09 00:00:00",3
"1088","2014-01-10 00:00:00",7
"1089","2014-01-11 00:00:00",2
"1090","2014-01-12 00:00:00",5
"1091","2014-01-13 00:00:00",5
"1092","2014-01-14 00:00:00",3
"1093","2014-01-15 00:00:00",4
"1094","2014-01-16 00:00:00",5
"1095","2014-01-17 00:00:00",1
"1096","2014-01-18 00:00:00",4
"1097","2014-01-19 00:00:00",5
"1098","2014-01-20 00:00:00",5
"1099","2014-01-21 00:00:00",4
"1100","2014-01-22 00:00:00",1
"1101","2014-01-23 00:00:00",3
"1102","2014-01-24 00:00:00",5
"1103","2014-01-25 00:00:00",2
"1104","2014-01-27 00:00:00",7
"1105","2014-01-28 00:00:00",3
"1106","2014-01-29 00:00:00",4
"1107","2014-01-31 00:00:00",3
"1108","2014-02-01 00:00:00",10
"1109","2014-02-02 00:00:00",2
"1110","2014-02-03 00:00:00",4
"1111","2014-02-04 00:00:00",3
"1112","2014-02-05 00:00:00",7
"1113","2014-02-06 00:00:00",4
"1114","2014-02-07 00:00:00",8
"1115","2014-02-08 00:00:00",2
"1116","2014-02-09 00:00:00",1
"1117","2014-02-10 00:00:00",8
"1118","2014-02-11 00:00:00",1
"1119","2014-02-12 00:00:00",4
"1120","2014-02-13 00:00:00",6
"1121","2014-02-14 00:00:00",5
"1122","2014-02-15 00:00:00",5
"1123","2014-02-16 00:00:00",3
"1124","2014-02-17 00:00:00",1
"1125","2014-02-18 00:00:00",7
"1126","2014-02-19 00:00:00",5
"1127","2014-02-20 00:00:00",6
"1128","2014-02-21 00:00:00",5
"1129","2014-02-23 00:00:00",4
"1130","2014-02-24 00:00:00",8
"1131","2014-02-25 00:00:00",8
"1132","2014-02-26 00:00:00",5
"1133","2014-02-27 00:00:00",8
"1134","2014-02-28 00:00:00",3
"1135","2014-03-01 00:00:00",13
"1136","2014-03-02 00:00:00",3
"1137","2014-03-03 00:00:00",7
"1138","2014-03-04 00:00:00",3
"1139","2014-03-05 00:00:00",3
"1140","2014-03-06 00:00:00",3
"1141","2014-03-07 00:00:00",4
"1142","2014-03-08 00:00:00",4
"1143","2014-03-09 00:00:00",1
"1144","2014-03-10 00:00:00",5
"1145","2014-03-11 00:00:00",4
"1146","2014-03-12 00:00:00",7
"1147","2014-03-13 00:00:00",4
"1148","2014-03-14 00:00:00",3
"1149","2014-03-15 00:00:00",5
"1150","2014-03-16 00:00:00",7
"1151","2014-03-17 00:00:00",7
"1152","2014-03-18 00:00:00",8
"1153","2014-03-19 00:00:00",5
"1154","2014-03-20 00:00:00",10
"1155","2014-03-21 00:00:00",3
"1156","2014-03-22 00:00:00",5
"1157","2014-03-23 00:00:00",6
"1158","2014-03-24 00:00:00",3
"1159","2014-03-25 00:00:00",3
"1160","2014-03-26 00:00:00",6
"1161","2014-03-27 00:00:00",4
"1162","2014-03-28 00:00:00",7
"1163","2014-03-29 00:00:00",6
"1164","2014-03-30 00:00:00",5
"1165","2014-03-31 00:00:00",3
"1166","2014-04-01 00:00:00",16
"1167","2014-04-02 00:00:00",7
"1168","2014-04-03 00:00:00",7
"1169","2014-04-04 00:00:00",7
"1170","2014-04-05 00:00:00",6
"1171","2014-04-06 00:00:00",2
"1172","2014-04-07 00:00:00",4
"1173","2014-04-08 00:00:00",6
"1174","2014-04-09 00:00:00",10
"1175","2014-04-10 00:00:00",8
"1176","2014-04-11 00:00:00",9
"1177","2014-04-12 00:00:00",9
"1178","2014-04-13 00:00:00",6
"1179","2014-04-14 00:00:00",13
"1180","2014-04-15 00:00:00",5
"1181","2014-04-16 00:00:00",9
"1182","2014-04-17 00:00:00",15
"1183","2014-04-18 00:00:00",8
"1184","2014-04-19 00:00:00",6
"1185","2014-04-20 00:00:00",6
"1186","2014-04-21 00:00:00",12
"1187","2014-04-22 00:00:00",9
"1188","2014-04-23 00:00:00",17
"1189","2014-04-24 00:00:00",6
"1190","2014-04-25 00:00:00",7
"1191","2014-04-26 00:00:00",6
"1192","2014-04-27 00:00:00",6
"1193","2014-04-28 00:00:00",12
"1194","2014-04-29 00:00:00",10
"1195","2014-04-30 00:00:00",11
"1196","2014-05-01 00:00:00",11
"1197","2014-05-02 00:00:00",9
"1198","2014-05-03 00:00:00",5
"1199","2014-05-04 00:00:00",12
"1200","2014-05-05 00:00:00",8
"1201","2014-05-06 00:00:00",5
"1202","2014-05-07 00:00:00",9
"1203","2014-05-08 00:00:00",10
"1204","2014-05-09 00:00:00",6
"1205","2014-05-10 00:00:00",10
"1206","2014-05-11 00:00:00",7
"1207","2014-05-12 00:00:00",9
"1208","2014-05-13 00:00:00",10
"1209","2014-05-14 00:00:00",12
"1210","2014-05-15 00:00:00",10
"1211","2014-05-16 00:00:00",17
"1212","2014-05-17 00:00:00",12
"1213","2014-05-18 00:00:00",3
"1214","2014-05-19 00:00:00",9
"1215","2014-05-20 00:00:00",7
"1216","2014-05-21 00:00:00",2
"1217","2014-05-22 00:00:00",5
"1218","2014-05-23 00:00:00",4
"1219","2014-05-24 00:00:00",6
"1220","2014-05-25 00:00:00",6
"1221","2014-05-26 00:00:00",13
"1222","2014-05-27 00:00:00",7
"1223","2014-05-28 00:00:00",12
"1224","2014-05-29 00:00:00",10
"1225","2014-05-30 00:00:00",9
"1226","2014-05-31 00:00:00",6
"1227","2014-06-01 00:00:00",18
"1228","2014-06-02 00:00:00",13
"1229","2014-06-03 00:00:00",11
"1230","2014-06-04 00:00:00",6
"1231","2014-06-05 00:00:00",8
"1232","2014-06-06 00:00:00",17
"1233","2014-06-07 00:00:00",12
"1234","2014-06-08 00:00:00",10
"1235","2014-06-09 00:00:00",5
"1236","2014-06-10 00:00:00",11
"1237","2014-06-11 00:00:00",12
"1238","2014-06-12 00:00:00",10
"1239","2014-06-13 00:00:00",6
"1240","2014-06-14 00:00:00",14
"1241","2014-06-15 00:00:00",7
"1242","2014-06-16 00:00:00",7
"1243","2014-06-17 00:00:00",5
"1244","2014-06-18 00:00:00",13
"1245","2014-06-19 00:00:00",14
"1246","2014-06-20 00:00:00",6
"1247","2014-06-21 00:00:00",8
"1248","2014-06-22 00:00:00",12
"1249","2014-06-23 00:00:00",11
"1250","2014-06-24 00:00:00",17
"1251","2014-06-25 00:00:00",15
"1252","2014-06-26 00:00:00",9
"1253","2014-06-27 00:00:00",7
"1254","2014-06-28 00:00:00",6
"1255","2014-06-29 00:00:00",17
"1256","2014-06-30 00:00:00",9
"1257","2014-07-01 00:00:00",31
"1258","2014-07-02 00:00:00",11
"1259","2014-07-03 00:00:00",11
"1260","2014-07-04 00:00:00",11
"1261","2014-07-05 00:00:00",12
"1262","2014-07-06 00:00:00",4
"1263","2014-07-07 00:00:00",13
"1264","2014-07-08 00:00:00",10
"1265","2014-07-09 00:00:00",9
"1266","2014-07-10 00:00:00",14
"1267","2014-07-11 00:00:00",6
"1268","2014-07-12 00:00:00",16
"1269","2014-07-13 00:00:00",3
"1270","2014-07-14 00:00:00",10
"1271","2014-07-15 00:00:00",8
"1272","2014-07-16 00:00:00",17
"1273","2014-07-17 00:00:00",12
"1274","2014-07-18 00:00:00",4
"1275","2014-07-19 00:00:00",9
"1276","2014-07-20 00:00:00",5
"1277","2014-07-21 00:00:00",7
"1278","2014-07-22 00:00:00",8
"1279","2014-07-23 00:00:00",7
"1280","2014-07-24 00:00:00",9
"1281","2014-07-25 00:00:00",5
"1282","2014-07-26 00:00:00",11
"1283","2014-07-27 00:00:00",8
"1284","2014-07-28 00:00:00",11
"1285","2014-07-29 00:00:00",9
"1286","2014-07-30 00:00:00",7
"1287","2014-07-31 00:00:00",6
"1288","2014-08-01 00:00:00",11
"1289","2014-08-02 00:00:00",13
"1290","2014-08-03 00:00:00",9
"1291","2014-08-04 00:00:00",11
"1292","2014-08-05 00:00:00",12
"1293","2014-08-06 00:00:00",8
"1294","2014-08-07 00:00:00",7
"1295","2014-08-08 00:00:00",8
"1296","2014-08-09 00:00:00",4
"1297","2014-08-10 00:00:00",12
"1298","2014-08-11 00:00:00",10
"1299","2014-08-12 00:00:00",9
"1300","2014-08-13 00:00:00",6
"1301","2014-08-14 00:00:00",7
"1302","2014-08-15 00:00:00",12
"1303","2014-08-16 00:00:00",7
"1304","2014-08-17 00:00:00",6
"1305","2014-08-18 00:00:00",4
"1306","2014-08-19 00:00:00",3
"1307","2014-08-20 00:00:00",5
"1308","2014-08-21 00:00:00",6
"1309","2014-08-22 00:00:00",7
"1310","2014-08-23 00:00:00",6
"1311","2014-08-24 00:00:00",11
"1312","2014-08-25 00:00:00",3
"1313","2014-08-26 00:00:00",4
"1314","2014-08-27 00:00:00",5
"1315","2014-08-28 00:00:00",5
"1316","2014-08-29 00:00:00",8
"1317","2014-08-30 00:00:00",5
"1318","2014-08-31 00:00:00",7
"1319","2014-09-01 00:00:00",6
"1320","2014-09-02 00:00:00",9
"1321","2014-09-03 00:00:00",8
"1322","2014-09-04 00:00:00",6
"1323","2014-09-05 00:00:00",5
"1324","2014-09-06 00:00:00",6
"1325","2014-09-07 00:00:00",6
"1326","2014-09-08 00:00:00",11
"1327","2014-09-09 00:00:00",9
"1328","2014-09-10 00:00:00",6
"1329","2014-09-11 00:00:00",6
"1330","2014-09-12 00:00:00",8
"1331","2014-09-13 00:00:00",3
"1332","2014-09-14 00:00:00",9
"1333","2014-09-15 00:00:00",9
"1334","2014-09-16 00:00:00",7
"1335","2014-09-17 00:00:00",5
"1336","2014-09-18 00:00:00",7
"1337","2014-09-19 00:00:00",10
"1338","2014-09-20 00:00:00",12
"1339","2014-09-21 00:00:00",7
"1340","2014-09-22 00:00:00",10
"1341","2014-09-23 00:00:00",7
"1342","2014-09-24 00:00:00",5
"1343","2014-09-25 00:00:00",6
"1344","2014-09-26 00:00:00",4
"1345","2014-09-27 00:00:00",2
"1346","2014-09-28 00:00:00",6
"1347","2014-09-29 00:00:00",7
"1348","2014-09-30 00:00:00",8
"1349","2014-10-01 00:00:00",20
"1350","2014-10-02 00:00:00",11
"1351","2014-10-03 00:00:00",10
"1352","2014-10-04 00:00:00",16
"1353","2014-10-05 00:00:00",9
"1354","2014-10-06 00:00:00",14
"1355","2014-10-07 00:00:00",6
"1356","2014-10-08 00:00:00",12
"1357","2014-10-09 00:00:00",10
"1358","2014-10-10 00:00:00",5
"1359","2014-10-11 00:00:00",5
"1360","2014-10-12 00:00:00",6
"1361","2014-10-13 00:00:00",7
"1362","2014-10-14 00:00:00",8
"1363","2014-10-15 00:00:00",7
"1364","2014-10-16 00:00:00",7
"1365","2014-10-17 00:00:00",3
"1366","2014-10-18 00:00:00",6
"1367","2014-10-19 00:00:00",3
"1368","2014-10-20 00:00:00",6
"1369","2014-10-21 00:00:00",10
"1370","2014-10-22 00:00:00",8
"1371","2014-10-23 00:00:00",6
"1372","2014-10-24 00:00:00",7
"1373","2014-10-25 00:00:00",4
"1374","2014-10-26 00:00:00",9
"1375","2014-10-27 00:00:00",9
"1376","2014-10-28 00:00:00",13
"1377","2014-10-29 00:00:00",8
"1378","2014-10-30 00:00:00",9
"1379","2014-10-31 00:00:00",9
"1380","2014-11-01 00:00:00",16
"1381","2014-11-02 00:00:00",3
"1382","2014-11-03 00:00:00",16
"1383","2014-11-04 00:00:00",7
"1384","2014-11-05 00:00:00",9
"1385","2014-11-06 00:00:00",9
"1386","2014-11-07 00:00:00",8
"1387","2014-11-08 00:00:00",9
"1388","2014-11-09 00:00:00",7
"1389","2014-11-10 00:00:00",11
"1390","2014-11-11 00:00:00",1
"1391","2014-11-12 00:00:00",7
"1392","2014-11-13 00:00:00",8
"1393","2014-11-14 00:00:00",4
"1394","2014-11-15 00:00:00",6
"1395","2014-11-16 00:00:00",7
"1396","2014-11-17 00:00:00",7
"1397","2014-11-18 00:00:00",7
"1398","2014-11-19 00:00:00",12
"1399","2014-11-20 00:00:00",8
"1400","2014-11-21 00:00:00",7
"1401","2014-11-22 00:00:00",11
"1402","2014-11-23 00:00:00",9
"1403","2014-11-24 00:00:00",8
"1404","2014-11-25 00:00:00",8
"1405","2014-11-26 00:00:00",7
"1406","2014-11-27 00:00:00",8
"1407","2014-11-28 00:00:00",10
"1408","2014-11-29 00:00:00",5
"1409","2014-11-30 00:00:00",7
"1410","2014-12-01 00:00:00",19
"1411","2014-12-02 00:00:00",8
"1412","2014-12-03 00:00:00",8
"1413","2014-12-04 00:00:00",9
"1414","2014-12-05 00:00:00",11
"1415","2014-12-06 00:00:00",7
"1416","2014-12-07 00:00:00",12
"1417","2014-12-08 00:00:00",12
"1418","2014-12-09 00:00:00",4
"1419","2014-12-10 00:00:00",16
"1420","2014-12-11 00:00:00",16
"1421","2014-12-12 00:00:00",12
"1422","2014-12-13 00:00:00",11
"1423","2014-12-14 00:00:00",12
"1424","2014-12-15 00:00:00",10
"1425","2014-12-16 00:00:00",12
"1426","2014-12-17 00:00:00",12
"1427","2014-12-18 00:00:00",13
"1428","2014-12-19 00:00:00",8
"1429","2014-12-20 00:00:00",12
"1430","2014-12-21 00:00:00",11
"1431","2014-12-22 00:00:00",11
"1432","2014-12-23 00:00:00",7
"1433","2014-12-24 00:00:00",16
"1434","2014-12-25 00:00:00",10
"1435","2014-12-26 00:00:00",8
"1436","2014-12-27 00:00:00",7
"1437","2014-12-28 00:00:00",8
"1438","2014-12-29 00:00:00",17
"1439","2014-12-30 00:00:00",9
"1440","2014-12-31 00:00:00",6
"1441","2015-01-01 00:00:00",31
"1442","2015-01-02 00:00:00",9
"1443","2015-01-03 00:00:00",7
"1444","2015-01-04 00:00:00",7
"1445","2015-01-05 00:00:00",11
"1446","2015-01-06 00:00:00",7
"1447","2015-01-07 00:00:00",9
"1448","2015-01-08 00:00:00",6
"1449","2015-01-09 00:00:00",7
"1450","2015-01-10 00:00:00",3
"1451","2015-01-11 00:00:00",6
"1452","2015-01-12 00:00:00",8
"1453","2015-01-13 00:00:00",2
"1454","2015-01-14 00:00:00",6
"1455","2015-01-15 00:00:00",4
"1456","2015-01-16 00:00:00",4
"1457","2015-01-17 00:00:00",2
"1458","2015-01-18 00:00:00",2
"1459","2015-01-19 00:00:00",5
"1460","2015-01-20 00:00:00",4
"1461","2015-01-21 00:00:00",6
"1462","2015-01-22 00:00:00",9
"1463","2015-01-23 00:00:00",2
"1464","2015-01-24 00:00:00",2
"1465","2015-01-25 00:00:00",6
"1466","2015-01-26 00:00:00",6
"1467","2015-01-27 00:00:00",6
"1468","2015-01-28 00:00:00",6
"1469","2015-01-29 00:00:00",4
"1470","2015-01-30 00:00:00",5
"1471","2015-01-31 00:00:00",3
"1472","2015-02-01 00:00:00",3
"1473","2015-02-02 00:00:00",7
"1474","2015-02-03 00:00:00",7
"1475","2015-02-04 00:00:00",9
"1476","2015-02-05 00:00:00",6
"1477","2015-02-06 00:00:00",4
"1478","2015-02-07 00:00:00",6
"1479","2015-02-09 00:00:00",8
"1480","2015-02-10 00:00:00",5
"1481","2015-02-11 00:00:00",7
"1482","2015-02-12 00:00:00",4
"1483","2015-02-13 00:00:00",5
"1484","2015-02-15 00:00:00",3
"1485","2015-02-16 00:00:00",3
"1486","2015-02-17 00:00:00",1
"1487","2015-02-18 00:00:00",2
"1488","2015-02-20 00:00:00",3
"1489","2015-02-21 00:00:00",1
"1490","2015-02-22 00:00:00",4
"1491","2015-02-23 00:00:00",3
"1492","2015-02-24 00:00:00",2
"1493","2015-02-25 00:00:00",2
"1494","2015-02-26 00:00:00",3
"1495","2015-02-27 00:00:00",4
"1496","2015-02-28 00:00:00",3
"1497","2015-03-01 00:00:00",11
"1498","2015-03-02 00:00:00",7
"1499","2015-03-03 00:00:00",5
"1500","2015-03-04 00:00:00",3
"1501","2015-03-05 00:00:00",4
"1502","2015-03-06 00:00:00",2
"1503","2015-03-07 00:00:00",3
"1504","2015-03-08 00:00:00",5
"1505","2015-03-09 00:00:00",6
"1506","2015-03-10 00:00:00",10
"1507","2015-03-11 00:00:00",7
"1508","2015-03-12 00:00:00",5
"1509","2015-03-13 00:00:00",3
"1510","2015-03-14 00:00:00",4
"1511","2015-03-15 00:00:00",7
"1512","2015-03-16 00:00:00",8
"1513","2015-03-17 00:00:00",10
"1514","2015-03-18 00:00:00",3
"1515","2015-03-19 00:00:00",8
"1516","2015-03-20 00:00:00",8
"1517","2015-03-21 00:00:00",5
"1518","2015-03-22 00:00:00",2
"1519","2015-03-23 00:00:00",13
"1520","2015-03-24 00:00:00",3
"1521","2015-03-25 00:00:00",7
"1522","2015-03-26 00:00:00",6
"1523","2015-03-27 00:00:00",5
"1524","2015-03-28 00:00:00",3
"1525","2015-03-29 00:00:00",4
"1526","2015-03-30 00:00:00",16
"1527","2015-03-31 00:00:00",5
"1528","2015-04-01 00:00:00",19
"1529","2015-04-02 00:00:00",6
"1530","2015-04-03 00:00:00",8
"1531","2015-04-04 00:00:00",6
"1532","2015-04-05 00:00:00",1
"1533","2015-04-06 00:00:00",2
"1534","2015-04-07 00:00:00",2
"1535","2015-04-08 00:00:00",3
"1536","2015-04-09 00:00:00",12
"1537","2015-04-10 00:00:00",7
"1538","2015-04-11 00:00:00",2
"1539","2015-04-12 00:00:00",1
"1540","2015-04-13 00:00:00",6
"1541","2015-04-14 00:00:00",5
"1542","2015-04-15 00:00:00",9
"1543","2015-04-16 00:00:00",10
"1544","2015-04-17 00:00:00",11
"1545","2015-04-18 00:00:00",9
"1546","2015-04-19 00:00:00",4
"1547","2015-04-20 00:00:00",8
"1548","2015-04-21 00:00:00",3
"1549","2015-04-22 00:00:00",7
"1550","2015-04-23 00:00:00",3
"1551","2015-04-24 00:00:00",10
"1552","2015-04-25 00:00:00",6
"1553","2015-04-26 00:00:00",2
"1554","2015-04-27 00:00:00",6
"1555","2015-04-28 00:00:00",7
"1556","2015-04-29 00:00:00",8
"1557","2015-04-30 00:00:00",14
"1558","2015-05-01 00:00:00",16
"1559","2015-05-02 00:00:00",8
"1560","2015-05-03 00:00:00",5
"1561","2015-05-04 00:00:00",14
"1562","2015-05-05 00:00:00",9
"1563","2015-05-06 00:00:00",10
"1564","2015-05-07 00:00:00",8
"1565","2015-05-08 00:00:00",7
"1566","2015-05-09 00:00:00",6
"1567","2015-05-10 00:00:00",5
"1568","2015-05-11 00:00:00",7
"1569","2015-05-12 00:00:00",7
"1570","2015-05-13 00:00:00",10
"1571","2015-05-14 00:00:00",5
"1572","2015-05-15 00:00:00",8
"1573","2015-05-16 00:00:00",4
"1574","2015-05-17 00:00:00",4
"1575","2015-05-18 00:00:00",5
"1576","2015-05-19 00:00:00",7
"1577","2015-05-20 00:00:00",7
"1578","2015-05-21 00:00:00",3
"1579","2015-05-22 00:00:00",8
"1580","2015-05-23 00:00:00",7
"1581","2015-05-24 00:00:00",9
"1582","2015-05-25 00:00:00",9
"1583","2015-05-26 00:00:00",5
"1584","2015-05-27 00:00:00",4
"1585","2015-05-28 00:00:00",10
"1586","2015-05-29 00:00:00",3
"1587","2015-05-30 00:00:00",6
"1588","2015-05-31 00:00:00",4
"1589","2015-06-01 00:00:00",14
"1590","2015-06-02 00:00:00",10
"1591","2015-06-03 00:00:00",10
"1592","2015-06-04 00:00:00",5
"1593","2015-06-05 00:00:00",10
"1594","2015-06-06 00:00:00",7
"1595","2015-06-07 00:00:00",10
"1596","2015-06-08 00:00:00",7
"1597","2015-06-09 00:00:00",5
"1598","2015-06-10 00:00:00",5
"1599","2015-06-11 00:00:00",4
"1600","2015-06-12 00:00:00",6
"1601","2015-06-13 00:00:00",1
"1602","2015-06-14 00:00:00",6
"1603","2015-06-15 00:00:00",6
"1604","2015-06-16 00:00:00",4
"1605","2015-06-17 00:00:00",6
"1606","2015-06-18 00:00:00",12
"1607","2015-06-19 00:00:00",7
"1608","2015-06-20 00:00:00",15
"1609","2015-06-21 00:00:00",2
"1610","2015-06-22 00:00:00",6
"1611","2015-06-23 00:00:00",9
"1612","2015-06-24 00:00:00",6
"1613","2015-06-25 00:00:00",12
"1614","2015-06-26 00:00:00",10
"1615","2015-06-27 00:00:00",4
"1616","2015-06-28 00:00:00",9
"1617","2015-06-29 00:00:00",10
"1618","2015-06-30 00:00:00",9
"1619","2015-07-01 00:00:00",17
"1620","2015-07-02 00:00:00",7
"1621","2015-07-03 00:00:00",9
"1622","2015-07-04 00:00:00",6
"1623","2015-07-05 00:00:00",7
"1624","2015-07-06 00:00:00",9
"1625","2015-07-07 00:00:00",7
"1626","2015-07-08 00:00:00",12
"1627","2015-07-09 00:00:00",6
"1628","2015-07-10 00:00:00",8
"1629","2015-07-11 00:00:00",5
"1630","2015-07-12 00:00:00",5
"1631","2015-07-13 00:00:00",14
"1632","2015-07-14 00:00:00",5
"1633","2015-07-15 00:00:00",7
"1634","2015-07-16 00:00:00",9
"1635","2015-07-17 00:00:00",9
"1636","2015-07-18 00:00:00",7
"1637","2015-07-19 00:00:00",3
"1638","2015-07-20 00:00:00",19
"1639","2015-07-21 00:00:00",10
"1640","2015-07-22 00:00:00",8
"1641","2015-07-23 00:00:00",8
"1642","2015-07-24 00:00:00",7
"1643","2015-07-25 00:00:00",8
"1644","2015-07-26 00:00:00",11
"1645","2015-07-27 00:00:00",14
"1646","2015-07-28 00:00:00",7
"1647","2015-07-29 00:00:00",11
"1648","2015-07-30 00:00:00",10
"1649","2015-07-31 00:00:00",10
"1650","2015-08-01 00:00:00",22
"1651","2015-08-02 00:00:00",4
"1652","2015-08-03 00:00:00",7
"1653","2015-08-04 00:00:00",8
"1654","2015-08-05 00:00:00",5
"1655","2015-08-06 00:00:00",10
"1656","2015-08-07 00:00:00",8
"1657","2015-08-08 00:00:00",7
"1658","2015-08-09 00:00:00",2
"1659","2015-08-10 00:00:00",11
"1660","2015-08-11 00:00:00",8
"1661","2015-08-12 00:00:00",2
"1662","2015-08-13 00:00:00",5
"1663","2015-08-14 00:00:00",6
"1664","2015-08-15 00:00:00",5
"1665","2015-08-16 00:00:00",9
"1666","2015-08-17 00:00:00",8
"1667","2015-08-18 00:00:00",7
"1668","2015-08-19 00:00:00",9
"1669","2015-08-20 00:00:00",3
"1670","2015-08-21 00:00:00",3
"1671","2015-08-22 00:00:00",1
"1672","2015-08-23 00:00:00",5
"1673","2015-08-24 00:00:00",8
"1674","2015-08-25 00:00:00",11
"1675","2015-08-26 00:00:00",6
"1676","2015-08-27 00:00:00",2
"1677","2015-08-28 00:00:00",2
"1678","2015-08-29 00:00:00",6
"1679","2015-08-30 00:00:00",2
"1680","2015-08-31 00:00:00",11
"1681","2015-09-01 00:00:00",15
"1682","2015-09-02 00:00:00",10
"1683","2015-09-03 00:00:00",6
"1684","2015-09-04 00:00:00",7
"1685","2015-09-05 00:00:00",9
"1686","2015-09-06 00:00:00",7
"1687","2015-09-07 00:00:00",12
"1688","2015-09-08 00:00:00",5
"1689","2015-09-09 00:00:00",9
"1690","2015-09-10 00:00:00",8
"1691","2015-09-11 00:00:00",6
"1692","2015-09-12 00:00:00",4
"1693","2015-09-13 00:00:00",1
"1694","2015-09-14 00:00:00",5
"1695","2015-09-15 00:00:00",9
"1696","2015-09-16 00:00:00",5
"1697","2015-09-17 00:00:00",3
"1698","2015-09-18 00:00:00",6
"1699","2015-09-19 00:00:00",5
"1700","2015-09-20 00:00:00",4
"1701","2015-09-21 00:00:00",1
"1702","2015-09-22 00:00:00",4
"1703","2015-09-23 00:00:00",8
"1704","2015-09-24 00:00:00",4
"1705","2015-09-25 00:00:00",7
"1706","2015-09-26 00:00:00",6
"1707","2015-09-27 00:00:00",2
"1708","2015-09-28 00:00:00",6
"1709","2015-09-29 00:00:00",6
"1710","2015-09-30 00:00:00",4
"1711","2015-10-01 00:00:00",11
"1712","2015-10-02 00:00:00",12
"1713","2015-10-03 00:00:00",3
"1714","2015-10-04 00:00:00",3
"1715","2015-10-05 00:00:00",10
"1716","2015-10-06 00:00:00",4
"1717","2015-10-07 00:00:00",4
"1718","2015-10-08 00:00:00",7
"1719","2015-10-09 00:00:00",3
"1720","2015-10-10 00:00:00",8
"1721","2015-10-11 00:00:00",6
"1722","2015-10-12 00:00:00",7
"1723","2015-10-13 00:00:00",9
"1724","2015-10-14 00:00:00",11
"1725","2015-10-15 00:00:00",4
"1726","2015-10-16 00:00:00",5
"1727","2015-10-17 00:00:00",1
"1728","2015-10-18 00:00:00",3
"1729","2015-10-19 00:00:00",6
"1730","2015-10-20 00:00:00",5
"1731","2015-10-21 00:00:00",8
"1732","2015-10-22 00:00:00",11
"1733","2015-10-23 00:00:00",4
"1734","2015-10-24 00:00:00",3
"1735","2015-10-25 00:00:00",5
"1736","2015-10-26 00:00:00",5
"1737","2015-10-27 00:00:00",8
"1738","2015-10-28 00:00:00",6
"1739","2015-10-29 00:00:00",4
"1740","2015-10-30 00:00:00",2
"1741","2015-10-31 00:00:00",1
"1742","2015-11-01 00:00:00",8
"1743","2015-11-02 00:00:00",10
"1744","2015-11-03 00:00:00",6
"1745","2015-11-04 00:00:00",6
"1746","2015-11-05 00:00:00",7
"1747","2015-11-06 00:00:00",3
"1748","2015-11-07 00:00:00",6
"1749","2015-11-08 00:00:00",3
"1750","2015-11-09 00:00:00",3
"1751","2015-11-10 00:00:00",6
"1752","2015-11-11 00:00:00",9
"1753","2015-11-12 00:00:00",6
"1754","2015-11-13 00:00:00",4
"1755","2015-11-14 00:00:00",6
"1756","2015-11-15 00:00:00",3
"1757","2015-11-16 00:00:00",5
"1758","2015-11-17 00:00:00",7
"1759","2015-11-18 00:00:00",8
"1760","2015-11-19 00:00:00",7
"1761","2015-11-20 00:00:00",11
"1762","2015-11-21 00:00:00",4
"1763","2015-11-22 00:00:00",3
"1764","2015-11-23 00:00:00",3
"1765","2015-11-24 00:00:00",12
"1766","2015-11-25 00:00:00",6
"1767","2015-11-26 00:00:00",11
"1768","2015-11-27 00:00:00",7
"1769","2015-11-28 00:00:00",7
"1770","2015-11-29 00:00:00",4
"1771","2015-11-30 00:00:00",5
"1772","2015-12-01 00:00:00",21
"1773","2015-12-02 00:00:00",6
"1774","2015-12-03 00:00:00",4
"1775","2015-12-04 00:00:00",7
"1776","2015-12-05 00:00:00",6
"1777","2015-12-06 00:00:00",5
"1778","2015-12-07 00:00:00",7
"1779","2015-12-08 00:00:00",6
"1780","2015-12-09 00:00:00",16
"1781","2015-12-10 00:00:00",6
"1782","2015-12-11 00:00:00",6
"1783","2015-12-12 00:00:00",4
"1784","2015-12-13 00:00:00",8
"1785","2015-12-14 00:00:00",15
"1786","2015-12-15 00:00:00",15
"1787","2015-12-16 00:00:00",12
"1788","2015-12-17 00:00:00",7
"1789","2015-12-18 00:00:00",9
"1790","2015-12-19 00:00:00",10
"1791","2015-12-20 00:00:00",10
"1792","2015-12-21 00:00:00",14
"1793","2015-12-22 00:00:00",6
"1794","2015-12-23 00:00:00",7
"1795","2015-12-24 00:00:00",12
"1796","2015-12-25 00:00:00",11
"1797","2015-12-26 00:00:00",6
"1798","2015-12-27 00:00:00",8
"1799","2015-12-28 00:00:00",6
"1800","2015-12-29 00:00:00",11
"1801","2015-12-30 00:00:00",10
"1802","2015-12-31 00:00:00",7
"1803","2016-01-01 00:00:00",22
"1804","2016-01-02 00:00:00",14
"1805","2016-01-03 00:00:00",7
"1806","2016-01-04 00:00:00",6
"1807","2016-01-05 00:00:00",8
"1808","2016-01-06 00:00:00",6
"1809","2016-01-07 00:00:00",8
"1810","2016-01-08 00:00:00",8
"1811","2016-01-09 00:00:00",8
"1812","2016-01-10 00:00:00",15
"1813","2016-01-11 00:00:00",7
"1814","2016-01-12 00:00:00",7
"1815","2016-01-13 00:00:00",14
"1816","2016-01-14 00:00:00",11
"1817","2016-01-15 00:00:00",9
"1818","2016-01-16 00:00:00",8
"1819","2016-01-17 00:00:00",5
"1820","2016-01-18 00:00:00",7
"1821","2016-01-19 00:00:00",6
"1822","2016-01-20 00:00:00",7
"1823","2016-01-21 00:00:00",9
"1824","2016-01-22 00:00:00",4
"1825","2016-01-23 00:00:00",4
"1826","2016-01-24 00:00:00",1
"1827","2016-01-25 00:00:00",9
"1828","2016-01-26 00:00:00",5
"1829","2016-01-27 00:00:00",7
"1830","2016-01-28 00:00:00",6
"1831","2016-01-29 00:00:00",5
"1832","2016-01-30 00:00:00",4
"1833","2016-01-31 00:00:00",1
"1834","2016-02-01 00:00:00",20
"1835","2016-02-02 00:00:00",3
"1836","2016-02-03 00:00:00",4
"1837","2016-02-04 00:00:00",5
"1838","2016-02-05 00:00:00",6
"1839","2016-02-06 00:00:00",1
"1840","2016-02-07 00:00:00",5
"1841","2016-02-08 00:00:00",6
"1842","2016-02-09 00:00:00",3
"1843","2016-02-10 00:00:00",8
"1844","2016-02-11 00:00:00",2
"1845","2016-02-12 00:00:00",4
"1846","2016-02-13 00:00:00",2
"1847","2016-02-14 00:00:00",3
"1848","2016-02-15 00:00:00",11
"1849","2016-02-16 00:00:00",4
"1850","2016-02-17 00:00:00",2
"1851","2016-02-18 00:00:00",7
"1852","2016-02-19 00:00:00",4
"1853","2016-02-20 00:00:00",5
"1854","2016-02-21 00:00:00",1
"1855","2016-02-22 00:00:00",10
"1856","2016-02-23 00:00:00",8
"1857","2016-02-24 00:00:00",8
"1858","2016-02-25 00:00:00",4
"1859","2016-02-26 00:00:00",4
"1860","2016-02-27 00:00:00",4
"1861","2016-02-28 00:00:00",5
"1862","2016-02-29 00:00:00",4
"1863","2016-03-01 00:00:00",16
"1864","2016-03-02 00:00:00",6
"1865","2016-03-03 00:00:00",8
"1866","2016-03-04 00:00:00",5
"1867","2016-03-05 00:00:00",6
"1868","2016-03-06 00:00:00",5
"1869","2016-03-07 00:00:00",7
"1870","2016-03-08 00:00:00",6
"1871","2016-03-09 00:00:00",10
"1872","2016-03-10 00:00:00",7
"1873","2016-03-11 00:00:00",3
"1874","2016-03-12 00:00:00",6
"1875","2016-03-13 00:00:00",1
"1876","2016-03-14 00:00:00",2
"1877","2016-03-15 00:00:00",10
"1878","2016-03-16 00:00:00",9
"1879","2016-03-17 00:00:00",10
"1880","2016-03-18 00:00:00",3
"1881","2016-03-19 00:00:00",8
"1882","2016-03-20 00:00:00",8
"1883","2016-03-21 00:00:00",6
"1884","2016-03-22 00:00:00",5
"1885","2016-03-23 00:00:00",4
"1886","2016-03-24 00:00:00",4
"1887","2016-03-25 00:00:00",9
"1888","2016-03-26 00:00:00",6
"1889","2016-03-27 00:00:00",5
"1890","2016-03-28 00:00:00",12
"1891","2016-03-29 00:00:00",8
"1892","2016-03-30 00:00:00",6
"1893","2016-03-31 00:00:00",3
"1894","2016-04-01 00:00:00",18
"1895","2016-04-02 00:00:00",4
"1896","2016-04-03 00:00:00",2
"1897","2016-04-04 00:00:00",8
"1898","2016-04-05 00:00:00",8
"1899","2016-04-06 00:00:00",3
"1900","2016-04-07 00:00:00",5
"1901","2016-04-08 00:00:00",3
"1902","2016-04-09 00:00:00",6
"1903","2016-04-10 00:00:00",4
"1904","2016-04-11 00:00:00",9
"1905","2016-04-12 00:00:00",4
"1906","2016-04-13 00:00:00",5
"1907","2016-04-14 00:00:00",6
"1908","2016-04-15 00:00:00",9
"1909","2016-04-16 00:00:00",3
"1910","2016-04-17 00:00:00",2
"1911","2016-04-18 00:00:00",12
"1912","2016-04-19 00:00:00",3
"1913","2016-04-20 00:00:00",5
"1914","2016-04-21 00:00:00",7
"1915","2016-04-22 00:00:00",14
"1916","2016-04-23 00:00:00",6
"1917","2016-04-24 00:00:00",4
"1918","2016-04-25 00:00:00",11
"1919","2016-04-26 00:00:00",6
"1920","2016-04-27 00:00:00",11
"1921","2016-04-28 00:00:00",7
"1922","2016-04-29 00:00:00",7
"1923","2016-04-30 00:00:00",2
"1924","2016-05-01 00:00:00",21
"1925","2016-05-02 00:00:00",6
"1926","2016-05-03 00:00:00",10
"1927","2016-05-04 00:00:00",6
"1928","2016-05-05 00:00:00",7
"1929","2016-05-06 00:00:00",11
"1930","2016-05-07 00:00:00",7
"1931","2016-05-08 00:00:00",4
"1932","2016-05-09 00:00:00",5
"1933","2016-05-10 00:00:00",8
"1934","2016-05-11 00:00:00",10
"1935","2016-05-12 00:00:00",8
"1936","2016-05-13 00:00:00",12
"1937","2016-05-14 00:00:00",1
"1938","2016-05-15 00:00:00",8
"1939","2016-05-16 00:00:00",6
"1940","2016-05-17 00:00:00",6
"1941","2016-05-18 00:00:00",16
"1942","2016-05-19 00:00:00",6
"1943","2016-05-20 00:00:00",14
"1944","2016-05-21 00:00:00",1
"1945","2016-05-22 00:00:00",5
"1946","2016-05-23 00:00:00",6
"1947","2016-05-24 00:00:00",8
"1948","2016-05-25 00:00:00",5
"1949","2016-05-26 00:00:00",15
"1950","2016-05-27 00:00:00",15
"1951","2016-05-28 00:00:00",6
"1952","2016-05-29 00:00:00",10
"1953","2016-05-30 00:00:00",5
"1954","2016-05-31 00:00:00",12
"1955","2016-06-01 00:00:00",20
"1956","2016-06-02 00:00:00",8
"1957","2016-06-03 00:00:00",8
"1958","2016-06-04 00:00:00",7
"1959","2016-06-05 00:00:00",8
"1960","2016-06-06 00:00:00",9
"1961","2016-06-07 00:00:00",12
"1962","2016-06-08 00:00:00",7
"1963","2016-06-09 00:00:00",8
"1964","2016-06-10 00:00:00",14
"1965","2016-06-11 00:00:00",12
"1966","2016-06-12 00:00:00",7
"1967","2016-06-13 00:00:00",14
"1968","2016-06-14 00:00:00",14
"1969","2016-06-15 00:00:00",17
"1970","2016-06-16 00:00:00",7
"1971","2016-06-17 00:00:00",11
"1972","2016-06-18 00:00:00",4
"1973","2016-06-19 00:00:00",8
"1974","2016-06-20 00:00:00",8
"1975","2016-06-21 00:00:00",16
"1976","2016-06-22 00:00:00",14
"1977","2016-06-23 00:00:00",10
"1978","2016-06-24 00:00:00",14
"1979","2016-06-25 00:00:00",9
"1980","2016-06-26 00:00:00",10
"1981","2016-06-27 00:00:00",12
"1982","2016-06-28 00:00:00",11
"1983","2016-06-29 00:00:00",7
"1984","2016-06-30 00:00:00",16
"1985","2016-07-01 00:00:00",21
"1986","2016-07-02 00:00:00",8
"1987","2016-07-03 00:00:00",9
"1988","2016-07-04 00:00:00",10
"1989","2016-07-05 00:00:00",12
"1990","2016-07-06 00:00:00",7
"1991","2016-07-07 00:00:00",11
"1992","2016-07-08 00:00:00",15
"1993","2016-07-09 00:00:00",11
"1994","2016-07-10 00:00:00",10
"1995","2016-07-11 00:00:00",12
"1996","2016-07-12 00:00:00",20
"1997","2016-07-13 00:00:00",6
"1998","2016-07-14 00:00:00",13
"1999","2016-07-15 00:00:00",18
"2000","2016-07-16 00:00:00",3
"2001","2016-07-17 00:00:00",6
"2002","2016-07-18 00:00:00",7
"2003","2016-07-19 00:00:00",8
"2004","2016-07-20 00:00:00",14
"2005","2016-07-21 00:00:00",10
"2006","2016-07-22 00:00:00",4
"2007","2016-07-23 00:00:00",5
"2008","2016-07-24 00:00:00",4
"2009","2016-07-25 00:00:00",7
"2010","2016-07-26 00:00:00",8
"2011","2016-07-27 00:00:00",8
"2012","2016-07-28 00:00:00",4
"2013","2016-07-29 00:00:00",9
"2014","2016-07-30 00:00:00",8
"2015","2016-07-31 00:00:00",3
"2016","2016-08-01 00:00:00",9
"2017","2016-08-02 00:00:00",12
"2018","2016-08-03 00:00:00",10
"2019","2016-08-04 00:00:00",10
"2020","2016-08-05 00:00:00",6
"2021","2016-08-06 00:00:00",8
"2022","2016-08-07 00:00:00",9
"2023","2016-08-08 00:00:00",6
"2024","2016-08-09 00:00:00",8
"2025","2016-08-10 00:00:00",9
"2026","2016-08-11 00:00:00",8
"2027","2016-08-12 00:00:00",10
"2028","2016-08-13 00:00:00",6
"2029","2016-08-14 00:00:00",5
"2030","2016-08-15 00:00:00",9
"2031","2016-08-16 00:00:00",17
"2032","2016-08-17 00:00:00",2
"2033","2016-08-18 00:00:00",6
"2034","2016-08-19 00:00:00",10
"2035","2016-08-20 00:00:00",7
"2036","2016-08-21 00:00:00",5
"2037","2016-08-22 00:00:00",11
"2038","2016-08-23 00:00:00",5
"2039","2016-08-24 00:00:00",4
"2040","2016-08-25 00:00:00",5
"2041","2016-08-26 00:00:00",5
"2042","2016-08-27 00:00:00",9
"2043","2016-08-28 00:00:00",7
"2044","2016-08-29 00:00:00",11
"2045","2016-08-30 00:00:00",7
"2046","2016-08-31 00:00:00",7
"2047","2016-09-01 00:00:00",21
"2048","2016-09-02 00:00:00",9
"2049","2016-09-03 00:00:00",3
"2050","2016-09-04 00:00:00",4
"2051","2016-09-05 00:00:00",10
"2052","2016-09-06 00:00:00",7
"2053","2016-09-07 00:00:00",7
"2054","2016-09-08 00:00:00",3
"2055","2016-09-09 00:00:00",8
"2056","2016-09-10 00:00:00",10
"2057","2016-09-11 00:00:00",4
"2058","2016-09-12 00:00:00",8
"2059","2016-09-13 00:00:00",4
"2060","2016-09-14 00:00:00",9
"2061","2016-09-15 00:00:00",4
"2062","2016-09-16 00:00:00",3
"2063","2016-09-17 00:00:00",2
"2064","2016-09-18 00:00:00",2
"2065","2016-09-19 00:00:00",9
"2066","2016-09-20 00:00:00",12
"2067","2016-09-21 00:00:00",8
"2068","2016-09-22 00:00:00",9
"2069","2016-09-23 00:00:00",8
"2070","2016-09-24 00:00:00",8
"2071","2016-09-25 00:00:00",6
"2072","2016-09-26 00:00:00",4
"2073","2016-09-27 00:00:00",7
"2074","2016-09-28 00:00:00",8
"2075","2016-09-29 00:00:00",10
"2076","2016-09-30 00:00:00",9
"2077","2016-10-01 00:00:00",15
"2078","2016-10-02 00:00:00",12
"2079","2016-10-03 00:00:00",12
"2080","2016-10-04 00:00:00",7
"2081","2016-10-05 00:00:00",5
"2082","2016-10-06 00:00:00",7
"2083","2016-10-07 00:00:00",4
"2084","2016-10-08 00:00:00",6
"2085","2016-10-09 00:00:00",6
"2086","2016-10-10 00:00:00",5
"2087","2016-10-11 00:00:00",9
"2088","2016-10-12 00:00:00",4
"2089","2016-10-13 00:00:00",7
"2090","2016-10-14 00:00:00",7
"2091","2016-10-15 00:00:00",6
"2092","2016-10-16 00:00:00",8
"2093","2016-10-17 00:00:00",9
"2094","2016-10-18 00:00:00",9
"2095","2016-10-19 00:00:00",4
"2096","2016-10-20 00:00:00",9
"2097","2016-10-21 00:00:00",9
"2098","2016-10-22 00:00:00",4
"2099","2016-10-23 00:00:00",6
"2100","2016-10-24 00:00:00",6
"2101","2016-10-25 00:00:00",7
"2102","2016-10-26 00:00:00",12
"2103","2016-10-27 00:00:00",6
"2104","2016-10-28 00:00:00",5
"2105","2016-10-29 00:00:00",8
"2106","2016-10-30 00:00:00",5
"2107","2016-10-31 00:00:00",2
"2108","2016-11-01 00:00:00",23
"2109","2016-11-02 00:00:00",11
"2110","2016-11-03 00:00:00",5
"2111","2016-11-04 00:00:00",8
"2112","2016-11-05 00:00:00",2
"2113","2016-11-06 00:00:00",7
"2114","2016-11-07 00:00:00",12
"2115","2016-11-08 00:00:00",10
"2116","2016-11-09 00:00:00",6
"2117","2016-11-10 00:00:00",9
"2118","2016-11-11 00:00:00",12
"2119","2016-11-12 00:00:00",5
"2120","2016-11-13 00:00:00",1
"2121","2016-11-14 00:00:00",9
"2122","2016-11-15 00:00:00",3
"2123","2016-11-16 00:00:00",7
"2124","2016-11-17 00:00:00",10
"2125","2016-11-18 00:00:00",5
"2126","2016-11-19 00:00:00",4
"2127","2016-11-20 00:00:00",11
"2128","2016-11-21 00:00:00",8
"2129","2016-11-22 00:00:00",15
"2130","2016-11-23 00:00:00",7
"2131","2016-11-24 00:00:00",6
"2132","2016-11-25 00:00:00",7
"2133","2016-11-26 00:00:00",3
"2134","2016-11-27 00:00:00",9
"2135","2016-11-28 00:00:00",8
"2136","2016-11-29 00:00:00",10
"2137","2016-11-30 00:00:00",5
"2138","2016-12-01 00:00:00",15
"2139","2016-12-02 00:00:00",10
"2140","2016-12-03 00:00:00",2
"2141","2016-12-04 00:00:00",3
"2142","2016-12-05 00:00:00",9
"2143","2016-12-06 00:00:00",8
"2144","2016-12-07 00:00:00",11
"2145","2016-12-08 00:00:00",6
"2146","2016-12-09 00:00:00",3
"2147","2016-12-10 00:00:00",5
"2148","2016-12-11 00:00:00",7
"2149","2016-12-12 00:00:00",10
"2150","2016-12-13 00:00:00",2
"2151","2016-12-14 00:00:00",7
"2152","2016-12-15 00:00:00",4
"2153","2016-12-16 00:00:00",1
"2154","2016-12-17 00:00:00",10
"2155","2016-12-18 00:00:00",10
"2156","2016-12-19 00:00:00",7
"2157","2016-12-20 00:00:00",7
"2158","2016-12-21 00:00:00",6
"2159","2016-12-22 00:00:00",6
"2160","2016-12-23 00:00:00",5
"2161","2016-12-24 00:00:00",12
"2162","2016-12-25 00:00:00",8
"2163","2016-12-26 00:00:00",9
"2164","2016-12-27 00:00:00",7
